Farm id,Time,Year,Severity,Rel,Abs,State,SC1,SC2,SC3,SC4,SC5,SC6,SC7,SC8,shannon_diversity,Av_T2M,Av_T2MDEW,Av_T2MWET,Av_TS,Av_T2M_RANGE,Av_QV2M,Av_RH2M,Av_PRECTOTCORR,Av_CLRSKY_SFC_PAR_TOT,Av_ALLSKY_SFC_PAR_TOT,Av_PS,Av_WS10M,Av_WD10M,Av_ALLSKY_SFC_LW_DWN,Sd_T2M,Sd_T2MDEW,Sd_T2MWET,Sd_TS,Sd_T2M_RANGE,Sd_QV2M,Sd_RH2M,Sd_PRECTOTCORR,Sd_CLRSKY_SFC_PAR_TOT,Sd_ALLSKY_SFC_PAR_TOT,Sd_PS,Sd_WS10M,Sd_WD10M,Sd_ALLSKY_SFC_LW_DWN,Skew_T2M,Skew_T2MDEW,Skew_T2MWET,Skew_TS,Skew_T2M_RANGE,Skew_QV2M,Skew_RH2M,Skew_PRECTOTCORR,Skew_CLRSKY_SFC_PAR_TOT,Skew_ALLSKY_SFC_PAR_TOT,Skew_PS,Skew_WS10M,Skew_WD10M,Skew_ALLSKY_SFC_LW_DWN,Kur_T2M,Kur_T2MDEW,Kur_T2MWET,Kur_TS,Kur_T2M_RANGE,Kur_QV2M,Kur_RH2M,Kur_PRECTOTCORR,Kur_CLRSKY_SFC_PAR_TOT,Kur_ALLSKY_SFC_PAR_TOT,Kur_PS,Kur_WS10M,Kur_WD10M,Kur_ALLSKY_SFC_LW_DWN,Entr_T2M,Entr_T2MDEW,Entr_T2MWET,Entr_TS,Entr_T2M_RANGE,Entr_QV2M,Entr_RH2M,Entr_PRECTOTCORR,Entr_CLRSKY_SFC_PAR_TOT,Entr_ALLSKY_SFC_PAR_TOT,Entr_PS,Entr_WS10M,Entr_WD10M,Entr_ALLSKY_SFC_LW_DWN,Commercial/small scale
Farm 1,Mid,2020,7,0.7327,0.38741513,Alabama,0,0,0,0,0,1,0,0,0,20.316087,14.791522,17.553261,20.433261,12.64087,10.884565,73.428913,3.97913,143.908913,124.307391,100.863478,3.656739,195.452826,348.848478,2.8654109,4.3618064,3.5036445,2.9941751,2.9743069,2.9521568,9.7458623,11.7131284,11.0805861,32.6528114,0.4130279,1.0594067,76.987142,37.1803872,-0.180269236,-0.288650791,-0.338665631,-0.027798485,-0.564433682,0.011183232,0.201951074,5.32636605,-1.538952469,-1.482338194,-0.064345367,0.526852693,-0.245264157,0.005818312,2.243777,1.90774,2.010133,2.374928,2.902784,1.820046,1.95572,33.036909,5.323564,4.756942,1.856396,2.952465,2.244615,1.842655,3.818754,3.783494,3.808428,3.818034,3.799426,3.791866,3.820054,2.176756,3.825611,3.786686,3.828633,3.788187,3.743965,3.823067,Small
Farm 1,End,2020,7,0.85887,0.46056904,Alabama,0,0,0,0,0,1,0,0,0,23.78932,18.398544,21.093592,24.09301,11.154563,13.661262,74.572718,4.262913,147.620097,122.527476,100.858641,3.24534,192.123883,382.353786,3.8141443,4.5974167,4.08391,4.0287038,3.0063892,3.4783613,8.736574,8.800933,9.633426,29.3524967,0.3276118,1.1154827,75.3361503,40.1143307,-0.66994312,-0.95229342,-0.91986638,-0.60565775,0.03765196,-0.54898757,-0.06617727,5.66863116,-1.89904928,-1.07222264,-0.03119626,0.64941852,-0.25975388,-0.95632349,2.430109,3.00022,2.858931,2.326571,2.163894,2.381034,1.938656,44.948313,7.349979,3.857025,2.426191,3.266503,2.092585,2.638935,4.621392,4.59997,4.614644,4.620243,4.597899,4.600086,4.627885,3.555438,4.632521,4.601888,4.634724,4.577452,4.550357,4.629068,Small
Farm 1,Mid,2021,1,0.76302,0.42919875,Alabama,0,0,0,0,0,1,0,0,0,20.377391,15.970217,18.17413,20.316522,11.252174,11.582174,77.875652,3.241304,145.304783,120.753043,101.070435,3.248696,182.527826,355.631522,3.0409337,3.8681994,3.3382201,3.1129302,2.9931365,2.7257406,8.7311818,8.2258507,7.5579223,31.9394556,0.3834229,1.0251756,76.5034401,32.3587949,-0.41182575,-0.54755887,-0.59063424,-0.25934231,-0.39641899,0.0753506,0.27078666,4.14965949,-0.39077752,-0.97141348,-0.06236852,1.21808754,-0.00475662,-0.38842443,2.538477,3.360313,2.992375,2.57234,2.873827,2.668913,2.103431,22.61083,1.989525,2.751034,2.320276,5.39208,1.977074,2.261752,3.817412,3.797251,3.811191,3.816881,3.791328,3.801007,3.822528,2.213049,3.827308,3.789913,3.828634,3.783215,3.73706,3.824532,Small
Farm 1,End,2021,6,0.20224,0.0485376,Alabama,0.034869,0,0,0,0,0.919092,0.046039,0,0.713538017,22.108507,17.135075,19.62194,22.223731,11.172985,12.501493,76.016418,3.247164,147.545522,121.879552,101.010149,3.118507,189.175224,368.433731,3.6861988,3.9978518,3.6753376,3.9195276,3.0222162,2.9934369,9.3399007,7.3690505,7.3160635,29.6242885,0.3707343,0.9606425,71.8964591,34.9538752,-0.40723915,-0.58678498,-0.61742831,-0.27792726,-0.30497406,-0.01870374,0.16222694,4.14782103,-0.74596025,-0.91517772,0.07001011,1.22108631,-0.08097268,-0.56513931,2.388103,3.275798,2.935847,2.23918,2.75926,2.425876,2.333392,24.332599,2.626159,2.87346,2.344602,5.667401,2.085935,2.367394,4.190519,4.17544,4.186366,4.188923,4.166166,4.175685,4.197263,2.790537,4.203465,4.172253,4.204686,4.161005,4.128572,4.200164,Small
Farm 1,Mid,2022,0,0.0008,0.0001834,Alabama,0,0,0,0,0,0,0,0,0,22.827609,16.871087,19.850435,23.275652,12.376957,12.259783,72.876739,3.417391,144.466304,117.283043,100.972391,3.228478,163.043261,369.258478,2.9162954,3.751394,3.031944,3.2149751,3.1074962,2.6936242,10.9570826,6.528902,6.7891107,33.2030266,0.3709638,0.8030856,66.0066496,30.542287,-0.5716154,-0.77345,-0.9396353,-0.3800639,-0.2897802,-0.3705755,-0.1580289,2.2692418,-0.8534749,-1.0856809,0.362203,0.4085467,-0.2771885,-1.0278241,3.73026,2.917341,3.685673,3.534324,2.743272,2.418029,2.470542,7.223071,4.41934,3.437548,3.335233,3.396879,2.306354,3.468263,3.820372,3.802314,3.816481,3.819029,3.796003,3.803865,3.817389,2.580668,3.827545,3.782366,3.828635,3.798469,3.73773,3.825187,Small
Farm 1,End,2022,3,0.20073,0.0702555,Alabama,0,0,0,1,0,0,0,0,0,25.256962,18.610253,21.93443,25.862911,12.19519,13.683418,70.708228,3.109241,147.93038,124.810253,100.883797,2.84038,167.592911,384.671646,3.8489057,3.6847798,3.4762623,4.1554278,2.7909197,2.8399408,10.2942484,5.3280385,6.9096785,29.2520596,0.3619438,0.8518659,70.8291771,30.8554916,-0.33257093,-1.10266358,-0.90121686,-0.32024975,-0.25887624,-0.63225243,-0.08800859,2.60409911,-1.05455633,-1.43585933,0.30866592,0.58007424,0.06199683,-1.19845251,2.84804,3.853406,3.557172,2.734712,2.988352,2.899384,2.73757,10.000907,4.575841,4.733172,3.337989,3.101602,2.354942,4.286287,4.357646,4.348006,4.356221,4.356314,4.342294,4.346703,4.358836,3.352878,4.368351,4.33722,4.369442,4.325948,4.274281,4.366154,Small
Farm 2,Mid,2020,5,0.78641,0.3774768,Alabama,0,0.010004,0.11187,0.619403,0.258722,0,0,0,1.17652422,20.316087,14.791522,17.553261,20.433261,12.64087,10.884565,73.428913,3.97913,143.908913,124.307391,100.863478,3.656739,195.452826,348.848478,2.8654109,4.3618064,3.5036445,2.9941751,2.9743069,2.9521568,9.7458623,11.7131284,11.0805861,32.6528114,0.4130279,1.0594067,76.987142,37.1803872,-0.180269236,-0.288650791,-0.338665631,-0.027798485,-0.564433682,0.011183232,0.201951074,5.32636605,-1.538952469,-1.482338194,-0.064345367,0.526852693,-0.245264157,0.005818312,2.243777,1.90774,2.010133,2.374928,2.902784,1.820046,1.95572,33.036909,5.323564,4.756942,1.856396,2.952465,2.244615,1.842655,3.818754,3.783494,3.808428,3.818034,3.799426,3.791866,3.820054,2.176756,3.825611,3.786686,3.828633,3.788187,3.743965,3.823067,Commercial
Farm 2,End,2020,7,0.75438,0.42150983,Alabama,0,0.008407,0.397311,0.459388,0.134893,0,0,0,1.201475796,22.262877,16.898767,19.580411,22.491781,11.616712,12.442877,74.356027,4.079589,147.383836,123.933288,100.873699,3.483836,175.90863,368.799589,3.4681617,4.5746196,3.9077002,3.6634097,3.0818546,3.2890941,9.135003,10.0240712,10.2368852,30.8887963,0.35535,1.1461016,76.9526605,40.251863,-0.48726689,-0.68207669,-0.68295561,-0.3949548,-0.1374002,-0.32422953,0.02038077,5.45440696,-1.80564021,-1.2667665,-0.17326531,0.52047542,0.05347618,-0.54776636,2.152844,2.417593,2.382228,2.07285,2.242203,2.109767,1.949546,38.331748,6.905041,4.241856,2.288677,2.965148,2.056836,2.018184,4.278073,4.250654,4.26955,4.276964,4.254304,4.254033,4.282986,2.955649,4.287966,4.253945,4.290453,4.237607,4.189523,4.284443,Commercial
Farm 2,Mid,2021,5,0.83442,0.542373,Alabama,0,0.009853,0.460856,0.506043,0.023248,0,0,0,1.144021738,20.377391,15.970217,18.17413,20.316522,11.252174,11.582174,77.875652,3.241304,145.304783,120.753043,101.070435,3.248696,182.527826,355.631522,3.0409337,3.8681994,3.3382201,3.1129302,2.9931365,2.7257406,8.7311818,8.2258507,7.5579223,31.9394556,0.3834229,1.0251756,76.5034401,32.3587949,-0.41182575,-0.54755887,-0.59063424,-0.25934231,-0.39641899,0.0753506,0.27078666,4.14965949,-0.39077752,-0.97141348,-0.06236852,1.21808754,-0.00475662,-0.38842443,2.538477,3.360313,2.992375,2.57234,2.873827,2.668913,2.103431,22.61083,1.989525,2.751034,2.320276,5.39208,1.977074,2.261752,3.817412,3.797251,3.811191,3.816881,3.791328,3.801007,3.822528,2.213049,3.827308,3.789913,3.828634,3.783215,3.73706,3.824532,Commercial
Farm 2,End,2021,5,0.80853,0.46591541,Alabama,0,0.009987,0.635617,0.354396,0,0,0,0,1.090041484,22.108507,17.135075,19.62194,22.223731,11.172985,12.501493,76.016418,3.247164,147.545522,121.879552,101.010149,3.118507,189.175224,368.433731,3.6861988,3.9978518,3.6753376,3.9195276,3.0222162,2.9934369,9.3399007,7.3690505,7.3160635,29.6242885,0.3707343,0.9606425,71.8964591,34.9538752,-0.40723915,-0.58678498,-0.61742831,-0.27792726,-0.30497406,-0.01870374,0.16222694,4.14782103,-0.74596025,-0.91517772,0.07001011,1.22108631,-0.08097268,-0.56513931,2.388103,3.275798,2.935847,2.23918,2.75926,2.425876,2.333392,24.332599,2.626159,2.87346,2.344602,5.667401,2.085935,2.367394,4.190519,4.17544,4.186366,4.188923,4.166166,4.175685,4.197263,2.790537,4.203465,4.172253,4.204686,4.161005,4.128572,4.200164,Commercial
Farm 2,Mid,2022,3,0.301,0.0624575,Alabama,0,0,0,1,0,0,0,0,0,22.827609,16.871087,19.850435,23.275652,12.376957,12.259783,72.876739,3.417391,144.466304,117.283043,100.972391,3.228478,163.043261,369.258478,2.9162954,3.751394,3.031944,3.2149751,3.1074962,2.6936242,10.9570826,6.528902,6.7891107,33.2030266,0.3709638,0.8030856,66.0066496,30.542287,-0.5716154,-0.77345,-0.9396353,-0.3800639,-0.2897802,-0.3705755,-0.1580289,2.2692418,-0.8534749,-1.0856809,0.362203,0.4085467,-0.2771885,-1.0278241,3.73026,2.917341,3.685673,3.534324,2.743272,2.418029,2.470542,7.223071,4.41934,3.437548,3.335233,3.396879,2.306354,3.468263,3.820372,3.802314,3.816481,3.819029,3.796003,3.803865,3.817389,2.580668,3.827545,3.782366,3.828635,3.798469,3.73773,3.825187,Commercial
Farm 2,End,2022,6,0.78004,0.4368224,Alabama,0,0.004429,0.013113,0.982459,0,0,0,0,0.390677152,25.256962,18.610253,21.93443,25.862911,12.19519,13.683418,70.708228,3.109241,147.93038,124.810253,100.883797,2.84038,167.592911,384.671646,3.8489057,3.6847798,3.4762623,4.1554278,2.7909197,2.8399408,10.2942484,5.3280385,6.9096785,29.2520596,0.3619438,0.8518659,70.8291771,30.8554916,-0.33257093,-1.10266358,-0.90121686,-0.32024975,-0.25887624,-0.63225243,-0.08800859,2.60409911,-1.05455633,-1.43585933,0.30866592,0.58007424,0.06199683,-1.19845251,2.84804,3.853406,3.557172,2.734712,2.988352,2.899384,2.73757,10.000907,4.575841,4.733172,3.337989,3.101602,2.354942,4.286287,4.357646,4.348006,4.356221,4.356314,4.342294,4.346703,4.358836,3.352878,4.368351,4.33722,4.369442,4.325948,4.274281,4.366154,Commercial
Farm 3,End,2020,6,0.51537,0.25510815,Alabama,0,0.008182,0.426741,0.565077,0,0,0,0,1.100793617,24.805915,19.908169,22.357042,24.816901,10.763521,14.919155,77.320563,3.15493,149.320141,119.520423,98.869014,1.643662,183.763662,396.506761,2.9921037,2.2784621,2.385537,2.9644289,2.5908223,2.0154764,9.0661595,3.8774258,5.3870473,25.8617545,0.2836454,0.5482315,67.2658854,22.76654,-0.273976629,-0.961165193,-0.943903688,-0.233914039,-0.323348877,-0.741090179,-0.196364357,1.504959391,-1.676226943,-0.819297735,0.001324333,0.76413053,-0.480666262,-1.201664015,2.570163,2.98739,3.173536,2.492136,2.467119,2.637879,2.030117,4.636874,10.206533,3.215782,2.164858,3.190109,2.774856,3.635714,4.255381,4.25594,4.256842,4.255536,4.232567,4.253304,4.255818,3.582831,4.262024,4.237435,4.262676,4.209942,4.186035,4.261014,Commercial
Farm 3,End,2021,3,0.72211,0.22024355,Alabama,0,0,1,0,0,0,0,0,0,23.770364,19.579818,21.674909,23.713091,10.279818,14.658727,79.694545,5.517636,149.164909,113.438182,98.964545,1.824545,177.660545,391.589455,2.0868166,2.851721,2.3227154,2.0340544,2.9489405,2.3706977,7.8568995,7.8510525,4.7218828,30.4868126,0.3287283,0.4666659,70.429277,22.914132,-1.5701589,-1.2684291,-1.6463823,-1.488141,0.1524788,-0.9091682,-0.2612229,2.344248,0.1712962,-0.7017799,-0.2409238,0.7529264,-0.1573341,-1.3546054,6.647772,4.237166,6.15216,6.189416,2.675973,3.171918,2.017297,9.076783,2.192172,2.968307,2.176509,3.377287,2.979682,3.759726,4.003339,3.996082,4.001285,4.003537,3.965915,3.993648,4.002505,3.224854,4.006842,3.967611,4.007328,3.976288,3.919073,4.005604,Commercial
Farm 3,Mid,2022,1,0.4464,0.191394,Alabama,0,0,0,1,0,0,0,0,0,26.515435,19.31587,22.915435,26.478696,13.353478,14.453261,68.645,3.066957,150.971522,131.17913,98.811304,1.501087,199.153261,399.139783,2.7633391,2.6944837,2.4297542,2.7910337,2.5208113,2.3022125,8.7018845,5.8302185,3.6414142,19.0001672,0.279568,0.4261154,68.8294539,20.0266678,-0.5166575,-0.7589333,-0.6148212,-0.5113462,0.5596746,-0.4602619,-0.1834701,3.309243,-0.41914,-0.787985,0.1481615,0.3062282,-0.3801527,-1.0714684,2.55602,3.071231,2.56781,2.541914,4.225038,2.595606,3.356491,13.898097,2.907945,2.56014,2.109065,2.210694,2.392414,3.479549,3.823208,3.81868,3.822996,3.823083,3.811434,3.815777,3.820648,2.787651,3.828356,3.817888,3.828637,3.789233,3.763612,3.827386,Commercial
Farm 3,End,2022,5,0.86322,0.4100295,Alabama,0,0.004116,0.942143,0.053741,0,0,0,0,0.678319087,26.868434,19.829759,23.348795,26.91253,12.900361,14.862048,69.333373,3.234458,147.681446,125.367952,98.876265,1.487952,196.954337,404.099759,2.2574486,2.3270158,2.0136706,2.3118216,2.4908787,2.0052825,7.5554006,5.3439289,5.7116044,20.0062303,0.27086,0.4263565,58.761732,16.8952273,-0.9009753,-1.0672364,-1.0691949,-0.9100803,0.3181001,-0.7451933,-0.3361959,3.1187192,-0.6045908,-0.6670833,-0.1208491,0.2509188,-0.4091426,-1.5682113,3.754011,4.040962,3.847954,3.662431,3.670949,3.245483,3.768716,13.43114,2.978072,3.046617,2.099061,2.165669,2.889878,5.454393,4.415249,4.411679,4.415035,4.415083,4.40042,4.409443,4.412857,3.549815,4.418095,4.405609,4.418837,4.378047,4.370388,4.417957,Commercial
Farm 4,Mid,2020,5,0.74136,0.3512193,Alabama,0,0,0,0,0,1,0,0,0,21.866087,17.477174,19.672174,22.425217,6.928261,12.743043,77.645217,4.085652,147.206957,124.466087,101.373478,4.146304,176.281739,366.889783,2.5577477,4.0435664,3.245472,2.1737124,2.268764,3.0624347,8.7594337,6.3857681,7.5999076,30.5985582,0.3958014,1.1371511,69.0327781,32.0477152,-0.329210832,-0.540790153,-0.49757818,0.101410287,0.006041805,-0.2199792,-0.061270472,1.647269473,-2.181483458,-1.231785784,-0.073451749,0.093117002,0.040652644,-0.255775668,2.699093,2.333276,2.45126,2.466179,2.278662,1.940374,2.341009,4.226072,9.144954,3.754564,2.027684,2.404933,2.349406,1.785416,3.821819,3.800693,3.814798,3.824043,3.773896,3.799303,3.822371,2.862017,3.827283,3.79428,3.828634,3.790969,3.748325,3.824873,Commercial
Farm 4,End,2020,6,0.77003,0.51014488,Alabama,0,0,0,0,0,1,0,0,0,24.063902,19.70122,21.883171,24.56939,6.148902,14.634024,77.880366,5.907683,148.54439,122.809512,101.374268,3.94378,175.832561,385.201585,3.2075046,4.1134757,3.5822222,2.975154,2.3024056,3.371237,7.9097339,12.1851322,8.3334692,31.1042716,0.3650673,1.5340358,64.6731788,33.9206917,-0.6031415,-0.93755453,-0.85060295,-0.39872419,0.2596242,-0.52607491,-0.07713048,4.42042015,-2.17550001,-1.06968052,-0.62200248,1.76062235,0.10658404,-0.69186555,2.444753,3.164241,2.92466,1.91163,2.248345,2.437088,2.421981,26.815374,9.119614,3.399749,3.627306,8.321241,2.410939,2.373475,4.397638,4.383114,4.39266,4.399325,4.336127,4.37875,4.40159,3.296891,4.405093,4.370282,4.406713,4.340254,4.336454,4.402799,Commercial
Farm 4,Mid,2021,2,0.7874,0.5413375,Alabama,0,0.004092,0,0,0.385123,0.610785,0,0,1.085041974,22.09587,18.402391,20.248478,22.460652,6.038913,13.371087,80.584348,4.787174,145.915435,117.034783,101.568478,4.012826,157.095217,371.47087,2.5019731,3.5794905,2.9766543,2.2057444,2.0464215,2.7862458,7.8633803,8.6865614,7.8253229,35.8943773,0.3559836,1.3588781,57.3472467,30.84213,-0.9808053,-0.845175471,-0.944882005,-0.714830437,0.008540949,-0.396566944,-0.137884637,1.982056657,-0.486834456,-1.001993049,-0.383591418,0.996514666,0.200617466,-0.669386284,3.479927,3.363785,3.492916,3.139122,2.492244,2.431079,2.304067,5.877503,1.91086,2.841605,2.767752,3.515454,2.684675,2.702544,3.822087,3.808588,3.817421,3.823789,3.769471,3.806377,3.823946,2.641391,3.827221,3.774677,3.828635,3.775981,3.760299,3.825197,Commercial
Farm 4,End,2021,6,0.40938,0.12230228,Alabama,0,0.008065,0,0,0.725853,0.266082,0,0,1.050182154,23.929737,20.445921,22.187237,24.276579,5.442895,15.235921,81.703026,7.382237,147.484079,116.110658,101.485921,3.940921,163,388.125658,3.0508766,3.8235391,3.3835956,2.8914124,2.1030998,3.2485037,6.7695934,12.5748443,6.7934959,33.3516762,0.3266647,1.3630507,57.4200658,31.9617844,-0.7811853,-1.07138393,-0.96829927,-0.54287941,0.40539939,-0.64932395,-0.48437872,3.21449231,-0.832674,-0.97851872,-0.03259287,1.2241294,0.38384646,-1.07980533,3.152197,3.6734,3.472887,2.587696,2.431086,2.505122,2.881951,16.837997,2.894354,2.968729,2.786891,4.904506,3.012563,3.343253,4.322368,4.311801,4.318499,4.323536,4.256675,4.306722,4.327289,3.376607,4.329672,4.283621,4.330728,4.275997,4.268185,4.327275,Commercial
Farm 4,Mid,2022,2,0.01347,0.00397365,Alabama,0,0,1,0,0,0,0,0,0,23.238913,19.156522,21.197609,23.67087,6.587391,14.063478,79.216087,4.788261,142.036957,122.452609,101.455435,3.835,163.14087,379.816087,3.0180061,3.6826821,3.2524823,2.962246,2.0618518,2.8125135,7.778065,8.2702098,6.1199567,22.8617987,0.3416347,1.1652653,52.018075,27.5451028,-0.79958725,-1.46601867,-1.27016135,-0.5690835,0.48388162,-0.89255704,-0.4608628,2.42122509,-0.89300537,-1.03762562,0.34977169,0.04896392,0.54818499,-1.51384885,3.339256,5.198156,4.637356,2.581613,2.345506,3.532301,2.383093,8.993721,3.646851,3.661995,3.126302,2.108149,3.652468,4.824847,3.820018,3.808004,3.816109,3.820744,3.781512,3.807308,3.823836,2.786369,3.827721,3.81,3.828636,3.782157,3.778688,3.825964,Commercial
Farm 4,End,2022,1,0.0027,0.0007155,Alabama,0,0,0,0,0,0,0,0,0,24.578551,20.351014,22.465072,25.017971,6.327826,15.135942,78.605797,4.483333,145.006667,125.979855,101.35087,3.632609,172.08029,388.442609,3.217836,3.5801738,3.3110162,3.1858158,1.9238334,2.9178005,7.0255214,7.7688673,7.0231911,22.1293208,0.344984,1.1505225,55.3477534,27.7538837,-0.8558554,-1.5703168,-1.2907158,-0.7164798,0.536373,-0.9119991,-0.2357074,2.5616902,-0.5613507,-1.0723451,0.4330907,0.317054,0.2801458,-1.3339257,3.527834,5.962303,4.970661,2.897629,2.750741,3.764784,2.505461,9.690256,3.404387,3.758059,3.293703,2.26247,2.693831,5.096695,4.225245,4.216733,4.222469,4.225803,4.189303,4.214141,4.230129,3.229214,4.232939,4.217547,4.234101,4.184556,4.182004,4.2315,Commercial
Farm 5,End,2022,0,0.00804,0.00206025,Alabama,0,0,0,0,0,0,0,0,0,27.445385,19.787582,23.615934,27.566593,13.06,14.731429,67.85011,3.526154,148.484176,123.397143,99.918242,1.542418,189.398242,405.33033,2.3116052,2.688416,2.0590715,2.3529004,3.2117295,2.2490589,9.7300803,5.3975257,4.6151073,23.1004956,0.2802205,0.4241628,61.4665801,18.2980871,-0.4983706,-1.1107885,-0.9322481,-0.4946695,-0.3396769,-0.7222758,0.124225,2.795134,-0.1514861,-1.1866243,-0.2137787,0.6585959,-0.1667327,-1.2821446,2.696198,4.1425,3.431711,2.696316,3.440784,3.211236,3.671155,13.005117,2.543368,4.970284,2.253297,3.073177,2.243137,4.385929,4.507291,4.501129,4.506981,4.507194,4.478812,4.498739,4.500624,3.677039,4.510381,4.491469,4.510856,4.474485,4.455344,4.509831,Small
Farm 6,Mid,2020,0,0.00003,1.42E-05,North Carolina,0,0,0,0,0,0,0,0,0,24.978478,20.595652,22.787174,25.27413,7.955435,15.19413,78.613913,3.913261,152.751739,125.362609,101.439348,3.328478,178.047391,395.204783,2.7617635,2.4795857,2.4975122,2.6797426,2.3503822,2.1218771,6.5574546,6.9618076,3.0599007,29.1914338,0.4047353,1.322348,67.3983253,20.0089326,-1.01065602,-1.66144536,-1.42717875,-0.79975215,-0.3418865,-1.16356839,0.09849107,2.34051944,-0.05341244,-1.56511351,0.29445462,0.78267892,-0.5361455,-1.61035339,3.345542,6.248626,4.781066,2.971546,2.62161,4.409572,2.841801,7.889182,2.292297,5.239408,2.185418,2.823384,2.497522,6.470853,3.822395,3.820945,3.822395,3.822955,3.782386,3.818418,3.825236,2.761701,3.828445,3.796702,3.828634,3.754885,3.747338,3.82735,Small
Farm 7,Mid,2020,7,0.59104,0.3199004,North Carolina,0,0.152426,0,0.837467,0,0.010106,0,0,0.955754986,25.080217,20.337391,22.708261,25.436087,9.386739,14.952174,77.319565,3.783043,152.751739,125.362609,101.331957,3.368261,179.124783,395.204783,2.7374777,2.392223,2.4271413,2.8031922,2.4608861,2.0441199,6.5478251,6.9206554,3.0599007,29.1914338,0.3963198,1.4107119,68.0234823,20.0089326,-1.01321283,-1.47865938,-1.38128613,-0.83486283,-0.42639613,-1.12628207,0.1040845,2.13735555,-0.05341244,-1.56511351,0.37575813,0.8565078,-0.46411238,-1.61035339,3.412678,5.183432,4.248794,3.174465,3.027152,3.93512,2.741038,6.171785,2.292297,5.239408,2.291337,3.063521,2.343301,6.470853,3.822557,3.821384,3.822728,3.822478,3.792208,3.818897,3.825133,2.711429,3.828445,3.796702,3.828634,3.747146,3.747955,3.82735,Small
Farm 7,End,2020,6,0.64609,0.32223739,North Carolina,0,0.179364,0.052041,0.768595,0,0,0,0,1.071818189,26.139231,21.180462,23.659846,26.560462,9.397385,15.752615,76.635846,4.111692,150.724615,125.670615,101.365692,3.346769,190.413231,403.232615,2.911529,2.4528634,2.5543948,3.0297135,2.4102614,2.1882087,6.4745337,6.7274934,4.531955,26.9876104,0.3748165,1.2502963,62.4534209,21.4080009,-0.9729945,-1.4321196,-1.3043452,-0.8093535,-0.447138,-1.0278481,0.1749892,1.9885412,-0.5985161,-1.5634994,0.173471,0.8676711,-0.8458205,-1.3404758,3.656921,5.373457,4.519374,3.308537,2.831833,3.953515,2.549707,5.876353,3.166714,5.437122,2.284812,3.634923,2.892788,5.756268,4.168007,4.167322,4.168321,4.167734,4.139432,4.164288,4.17088,3.194268,4.173939,4.147495,4.174381,4.108577,4.11194,4.172963,Small
Farm 8,Mid,2020,6,0.82595,0.44911031,South Carolina,0.327373,0.017746,0.54594,0.050862,0,0,0,0.058079,0.922712601,20.742826,15.576522,18.159565,21.986739,7.355652,11.328913,73.977174,4.131304,143.063043,123.969565,101.464783,5.58413,199.031957,354.404565,2.3325796,4.1692041,3.2107472,1.8885233,1.9445567,2.8292537,9.3864746,9.2161456,8.1825823,28.9407057,0.501676,1.5674205,67.352384,29.328262,-0.164679703,-0.478451419,-0.375976618,0.428258415,-0.171562899,-0.211634161,-0.511769105,2.758336176,-0.630354432,-1.478470209,0.007685161,0.684299824,-0.257881956,-0.201542921,1.976813,2.017872,2.001404,2.244414,2.218172,1.798742,1.87795,10.245582,2.302337,4.503245,2.453679,2.901294,2.241794,1.953958,3.822392,3.791068,3.81284,3.825067,3.792938,3.796972,3.820555,2.33512,3.82702,3.797233,3.828629,3.791283,3.767841,3.825266,Small
Farm 8,End,2020,0,0.00024,0.000099,South Carolina,0,0,0,0,0,0,0,0,0,22.586234,17.85,20.217922,24.107792,6.576364,13.088701,75.97961,4.112078,146.436753,119.243117,101.53013,5.258571,187.97961,374.875065,3.051789,4.4418989,3.6946399,3.1023389,2.0300589,3.2887793,8.3727148,7.3953231,7.9210463,29.1913934,0.4134053,1.5595712,67.672203,34.9328561,-0.25803632,-0.78349323,-0.58561536,0.08770097,0.08791509,-0.41490527,-0.87509129,3.18079496,-1.01036363,-1.03179867,-0.32473673,0.49029241,-0.28825964,-0.50965144,2.109073,2.650556,2.408986,1.788448,2.320941,2.176083,2.652537,14.577856,3.242007,3.172656,3.381913,2.967251,2.637874,2.183705,4.334631,4.310129,4.326481,4.335624,4.295327,4.310708,4.337585,3.310133,4.342333,4.310382,4.343797,4.300808,4.272365,4.339438,Small
Farm 8,Mid,2021,2,0.08118,0.0385605,South Carolina,0,0,0,1,0,0,0,0,0,21.084565,14.821957,17.953261,22.612609,7.493043,10.759348,69.733261,1.90087,141.827826,122.401522,101.598913,5.312609,189.805435,356.244348,2.4230171,4.1064668,3.132346,2.1383996,2.3360278,2.5896275,10.3656032,6.0933183,7.903708,30.1675379,0.521307,1.3189902,68.4354995,28.377609,-0.6613687,-0.915324,-0.91506241,-0.14713999,0.72710855,-0.1805443,-0.30293859,4.67435518,-0.02755482,-1.26434371,0.21592383,-0.06302897,-0.39690812,-0.10686782,4.078262,4.256611,4.667068,2.148585,2.793232,2.900221,2.64699,26.431125,2.166546,4.178943,2.478396,2.389303,2.217676,2.422925,3.821952,3.783653,3.812474,3.824233,3.782873,3.798956,3.817559,1.870017,3.82712,3.793655,3.828629,3.797561,3.75765,3.825521,Small
Farm 8,End,2021,3,0.08541,0.0555165,South Carolina,0,0,0,1,0,0,0,0,0,23.242857,17.258831,20.251558,24.983636,6.876494,12.652727,71.078182,2.922857,145.175714,122.376234,101.603117,5.228182,184.799221,375.596494,3.3973402,4.6524626,3.9073282,3.4466368,2.3553789,3.3980233,9.59331,6.4349706,7.8116323,28.0221041,0.4970711,1.3317595,62.9200257,34.0569609,-0.31276595,-0.76792244,-0.6099643,-0.06468812,0.50434789,-0.128726,-0.3225615,3.38211383,-0.52238191,-1.05531983,0.11612417,0.53564809,-0.37041441,-0.40947958,2.558127,3.632922,3.230267,1.906171,3.090695,2.253809,2.746513,15.569918,2.477398,3.804533,2.447783,3.646123,2.337461,2.189201,4.332991,4.302261,4.324201,4.334327,4.285991,4.306618,4.334603,2.970735,4.342362,4.314395,4.343794,4.312159,4.280632,4.339685,Small
Farm 9,Mid,2020,5,0.8117,0.446435,South Carolina,0,0,1,0,0,0,0,0,0,20.629348,15.39913,18.013913,21.883261,7.475217,11.192391,73.7,3.66087,142.696522,124.934348,101.47,5.573913,199.516957,352.898261,2.3179171,4.1064415,3.1704633,1.8910421,1.8560936,2.7744975,9.2178416,8.8469462,8.392788,27.621066,0.4988253,1.5777417,66.908384,28.5889854,-0.08495186,-0.42802544,-0.31291021,0.50266812,-0.14644716,-0.16124854,-0.49597469,3.10299491,-0.54205785,-1.5852245,-0.01414524,0.67084415,-0.26682914,-0.17215589,1.969016,1.993231,1.977569,2.343909,2.170098,1.7896,1.892891,12.367662,2.11367,5.155239,2.502298,2.870144,2.286926,1.940129,3.822421,3.79154,3.813047,3.825031,3.797382,3.797588,3.820793,2.235615,3.826929,3.800361,3.82863,3.790615,3.768864,3.82541,Small
Farm 9,End,2020,6,0.85125,0.41392031,South Carolina,0,0.002019,0.991122,0.006859,0,0,0,0,0.258767717,22.407067,17.663467,20.034933,23.8924,6.618667,12.9512,75.9516,3.985867,145.914133,118.489867,101.522133,5.32,187.7432,373.4576,3.0595892,4.4945981,3.727179,3.0771906,2.068506,3.331998,8.4617737,7.4702252,8.0976502,29.3257192,0.4185764,1.5224749,68.4505395,35.4410152,-0.17183168,-0.68261565,-0.48684268,0.15813204,0.04154985,-0.31774515,-0.85988607,3.21479954,-0.9285509,-0.98814532,-0.26737747,0.56343861,-0.27796515,-0.41257404,2.073526,2.485749,2.290732,1.828831,2.223446,2.076027,2.598864,14.600548,2.993177,3.072328,3.283234,2.987071,2.584594,2.06223,4.308157,4.282558,4.299641,4.30932,4.267591,4.283068,4.311134,3.224965,4.31594,4.28344,4.31748,4.277819,4.244281,4.312973,Small
Farm 9,Mid,2021,3,0.503,0.21126,South Carolina,0,0.00728,0.93737,0.05535,0,0,0,0,0.710449664,21.084565,14.821957,17.953261,22.612609,7.493043,10.759348,69.733261,1.90087,141.827826,122.401522,101.598913,5.312609,189.805435,356.244348,2.4230171,4.1064668,3.132346,2.1383996,2.3360278,2.5896275,10.3656032,6.0933183,7.903708,30.1675379,0.521307,1.3189902,68.4354995,28.377609,-0.6613687,-0.915324,-0.91506241,-0.14713999,0.72710855,-0.1805443,-0.30293859,4.67435518,-0.02755482,-1.26434371,0.21592383,-0.06302897,-0.39690812,-0.10686782,4.078262,4.256611,4.667068,2.148585,2.793232,2.900221,2.64699,26.431125,2.166546,4.178943,2.478396,2.389303,2.217676,2.422925,3.821952,3.783653,3.812474,3.824233,3.782873,3.798956,3.817559,1.870017,3.82712,3.793655,3.828629,3.797561,3.75765,3.825521,Small
Farm 9,End,2021,5,0.5736,0.42303,South Carolina,0,0.002216,0.961781,0.036003,0,0,0,0,0.561188244,23.340125,17.381625,20.361375,25.093125,6.79975,12.746,71.2035,2.913875,145.547125,122.165125,101.606875,5.262375,183.3755,376.583,3.3691435,4.6297517,3.8809515,3.4317522,2.3578391,3.391101,9.5849405,6.3354033,7.9007401,28.7915655,0.4922734,1.3332859,63.5013294,33.8869204,-0.3778422,-0.7978583,-0.659455,-0.127548,0.5193986,-0.1665996,-0.3334175,3.4140224,-0.5447027,-1.0596168,0.1016519,0.483046,-0.3633653,-0.4546383,2.59603,3.677759,3.285883,1.910173,3.123047,2.247748,2.706012,15.956304,2.479697,3.650352,2.459035,3.496112,2.299046,2.235761,4.371444,4.341404,4.362837,4.372681,4.322807,4.345408,4.372865,3.035725,4.380556,4.350779,4.382015,4.350593,4.316597,4.377962,Small
Farm 9,Mid,2022,5,0.80958,0.4897959,South Carolina,0,0.003241,0.978816,0.017944,0,0,0,0,0.42655349,21.85413,15.598913,18.726522,24.000652,7.637826,11.397391,69.963043,1.650652,141.700652,124.653043,101.60413,5.239565,168.334783,361.241739,3.216246,4.5901964,3.774434,3.099502,2.1456829,2.981712,10.1815912,3.3290008,7.3827921,24.5952362,0.5319506,1.3112792,71.5040033,28.8433483,-0.56792037,-0.84453512,-0.84309613,-0.09585366,0.91601957,-0.46141004,0.0428263,2.35539812,-0.17370011,-1.13010127,-0.01514157,0.56351581,-0.3985306,-0.59184352,3.780094,2.756957,3.339215,3.009156,4.134478,2.116142,1.984028,7.408115,2.819168,3.383307,3.223593,2.788716,2.360137,2.41287,3.817584,3.780153,3.807058,3.820379,3.791504,3.792826,3.818233,2.518616,3.827308,3.807638,3.828628,3.798646,3.725044,3.825466,Small
Farm 9,End,2022,7,0.02494,0.0086043,South Carolina,0,0.010573,0.818733,0.170694,0,0,0,0,0.979918416,23.708028,17.765915,20.736761,25.899296,6.929155,13.097324,71.367324,2.475493,144.370282,125.147606,101.53169,5.077746,170.155493,377.409577,3.686956,4.7865566,4.1303309,3.7448213,2.2604739,3.4171216,9.1256666,3.9974534,7.478382,22.4767413,0.4948159,1.2529601,66.3103255,32.650285,-0.6653312,-1.0729489,-0.9568353,-0.2798621,0.6961591,-0.5988602,-0.1833453,2.1164135,-0.509555,-1.0715122,0.1845002,0.5286468,-0.4098052,-0.7056883,3.197192,3.412091,3.464997,2.425315,3.737779,2.486583,2.262731,7.158319,2.745058,3.48695,3.147893,3.049925,2.491172,2.723156,4.250158,4.221029,4.241264,4.252139,4.211305,4.226139,4.254506,3.289941,4.261344,4.245368,4.262668,4.233121,4.176174,4.258902,Small
Farm 10,Mid,2020,6,0.65258,0.30508115,South Carolina,0,0.005817,0.51093,0.483252,0,0,0,0,1.100439532,20.629348,15.39913,18.013913,21.883261,7.475217,11.192391,73.7,3.66087,142.696522,124.934348,101.47,5.573913,199.516957,352.898261,2.3179171,4.1064415,3.1704633,1.8910421,1.8560936,2.7744975,9.2178416,8.8469462,8.392788,27.621066,0.4988253,1.5777417,66.908384,28.5889854,-0.08495186,-0.42802544,-0.31291021,0.50266812,-0.14644716,-0.16124854,-0.49597469,3.10299491,-0.54205785,-1.5852245,-0.01414524,0.67084415,-0.26682914,-0.17215589,1.969016,1.993231,1.977569,2.343909,2.170098,1.7896,1.892891,12.367662,2.11367,5.155239,2.502298,2.870144,2.286926,1.940129,3.822421,3.79154,3.813047,3.825031,3.797382,3.797588,3.820793,2.235615,3.826929,3.800361,3.82863,3.790615,3.768864,3.82541,Commercial
Farm 10,End,2020,6,0.68927,0.30930991,South Carolina,0,0.005365,0.47378,0.520855,0,0,0,0,1.099209647,22.407067,17.663467,20.034933,23.8924,6.618667,12.9512,75.9516,3.985867,145.914133,118.489867,101.522133,5.32,187.7432,373.4576,3.0595892,4.4945981,3.727179,3.0771906,2.068506,3.331998,8.4617737,7.4702252,8.0976502,29.3257192,0.4185764,1.5224749,68.4505395,35.4410152,-0.17183168,-0.68261565,-0.48684268,0.15813204,0.04154985,-0.31774515,-0.85988607,3.21479954,-0.9285509,-0.98814532,-0.26737747,0.56343861,-0.27796515,-0.41257404,2.073526,2.485749,2.290732,1.828831,2.223446,2.076027,2.598864,14.600548,2.993177,3.072328,3.283234,2.987071,2.584594,2.06223,4.308157,4.282558,4.299641,4.30932,4.267591,4.283068,4.311134,3.224965,4.31594,4.28344,4.31748,4.277819,4.244281,4.312973,Commercial
Farm 10,Mid,2021,4,0.55085,0.22722563,South Carolina,0,0,0,1,0,0,0,0,0,24.623261,18.53913,21.582391,26.632609,6.633261,13.61087,70.835435,3.264783,149.076087,126.27913,101.743696,5.056087,170.988913,386.523478,2.7180058,4.2511263,3.3636536,2.521455,2.3412096,3.3082005,9.830104,5.3552598,5.1976629,26.132216,0.5053727,1.1920784,67.1353265,29.9683408,-0.69449381,-0.7807033,-0.83661635,-0.30766005,0.30790499,-0.4433274,-0.03508364,2.42861842,-0.43974358,-0.99476111,-0.04376206,0.08209099,-0.16271063,-0.79087098,3.036309,2.616962,2.727413,2.388133,2.946783,2.107776,1.985465,9.997971,2.370991,3.508357,2.260427,2.595472,2.040513,2.469759,3.82249,3.80064,3.816095,3.824199,3.766281,3.797995,3.819145,2.814934,3.828044,3.805516,3.828629,3.800989,3.746718,3.825634,Commercial
Farm 10,End,2021,3,0.39325,0.24037406,South Carolina,0,0.003098,0.455047,0.522948,0,0,0,0.018908,1.127676804,25.622895,20.060526,22.8425,27.502632,5.885526,14.877763,72.960658,4.156842,149.881184,124.956579,101.740921,5.034342,169.815395,396.365789,2.4886917,3.9408564,3.1119122,2.3064405,2.1642473,3.1626245,8.9244811,7.8911524,4.6815795,26.6017229,0.4527668,1.4451753,61.9118845,27.0701172,-1.30183534,-1.28079802,-1.37240969,-0.90584065,0.75541148,-0.94493127,-0.54505546,4.17851071,-0.59725321,-1.0189877,-0.09599661,0.89912851,-0.18661484,-1.32633298,4.283219,3.804277,4.092322,3.220836,3.529296,2.846597,2.28176,24.790512,2.854643,3.274133,2.440884,4.368812,2.133857,3.883911,4.325847,4.309453,4.320864,4.327162,4.266007,4.306312,4.323142,3.321532,4.330249,4.305977,4.330724,4.291684,4.259801,4.328355,Commercial
Farm 10,Mid,2022,5,0.72707,0.30627824,South Carolina,0,0.002119,0.05971,0.938171,0,0,0,0,0.686768257,21.85413,15.598913,18.726522,24.000652,7.637826,11.397391,69.963043,1.650652,141.700652,124.653043,101.60413,5.239565,168.334783,361.241739,3.216246,4.5901964,3.774434,3.099502,2.1456829,2.981712,10.1815912,3.3290008,7.3827921,24.5952362,0.5319506,1.3112792,71.5040033,28.8433483,-0.56792037,-0.84453512,-0.84309613,-0.09585366,0.91601957,-0.46141004,0.0428263,2.35539812,-0.17370011,-1.13010127,-0.01514157,0.56351581,-0.3985306,-0.59184352,3.780094,2.756957,3.339215,3.009156,4.134478,2.116142,1.984028,7.408115,2.819168,3.383307,3.223593,2.788716,2.360137,2.41287,3.817584,3.780153,3.807058,3.820379,3.791504,3.792826,3.818233,2.518616,3.827308,3.807638,3.828628,3.798646,3.725044,3.825466,Commercial
Farm 11-1,End,2022,4,0.66106,0.17765988,South Carolina,0,0.00772,0.906555,0.007388,0,0.078336,0,0,0.845075865,26.178913,18.830978,22.504348,26.674783,12.175109,14.113913,68.042826,3.249891,149.083261,121.680652,98.624022,2.167609,193.359891,398.055109,2.4450558,3.1948675,2.4713734,2.5857332,2.6719896,2.4834945,9.5383684,5.4150664,5.4520366,25.1816837,0.3099275,0.7237211,68.0682875,23.6478106,-0.58591989,-1.43927479,-0.88558048,-0.55358437,0.12286165,-0.88435091,-0.58537552,3.51790502,-0.1925321,-0.88830503,-0.04419495,0.43921045,-0.46268763,-1.46024436,2.409181,5.379416,3.195133,2.384094,3.62733,3.603234,4.324519,18.665144,2.609075,3.511145,2.244157,2.470957,2.524634,5.008209,4.51738,4.505843,4.515588,4.51704,4.497461,4.505313,4.511646,3.656794,4.521125,4.498564,4.521784,4.467075,4.452393,4.519987,Commercial
Farm 11-2,End,2022,3,0.00784,0.0048216,South Carolina,0,0,0,0,0,1,0,0,0,26.178913,18.830978,22.504348,26.674783,12.175109,14.113913,68.042826,3.249891,149.083261,121.680652,98.624022,2.167609,193.359891,398.055109,2.4450558,3.1948675,2.4713734,2.5857332,2.6719896,2.4834945,9.5383684,5.4150664,5.4520366,25.1816837,0.3099275,0.7237211,68.0682875,23.6478106,-0.58591989,-1.43927479,-0.88558048,-0.55358437,0.12286165,-0.88435091,-0.58537552,3.51790502,-0.1925321,-0.88830503,-0.04419495,0.43921045,-0.46268763,-1.46024436,2.409181,5.379416,3.195133,2.384094,3.62733,3.603234,4.324519,18.665144,2.609075,3.511145,2.244157,2.470957,2.524634,5.008209,4.51738,4.505843,4.515588,4.51704,4.497461,4.505313,4.511646,3.656794,4.521125,4.498564,4.521784,4.467075,4.452393,4.519987,Commercial
Farm 12,End,2022,6,0.52133,0.19224044,South Carolina,0,0,0,0,0,1,0,0,0,26.526739,18.919565,22.722826,27.045543,12.420761,14.139348,67.382717,3.019565,148.532609,121.488261,99.26413,2.070435,186.237065,395.708043,2.2482981,3.4513947,2.5403263,2.3084976,2.8201497,2.6649907,9.5266969,4.7356624,5.4597659,24.4199309,0.318082,0.6615349,65.3099636,24.3036466,-0.50423211,-1.37142743,-0.98008304,-0.47498737,0.08311246,-0.85966305,-0.60873265,2.48843223,-0.40945972,-1.1488296,-0.04258885,0.46666339,-0.61038211,-1.52829996,2.40549,4.838528,3.352083,2.385911,2.547336,3.331897,3.629823,10.180238,3.941482,4.630487,2.227904,2.632902,2.663343,5.07957,4.518175,4.503293,4.515332,4.518126,4.495873,4.502822,4.511481,3.620152,4.521116,4.499323,4.521783,4.471818,4.451232,4.519858,Commercial
Farm 13,End,2022,7,0.39455,0.11984456,South Carolina,0,0.026349,0.973651,0,0,0,0,0,0.45213254,26.526739,18.919565,22.722826,27.045543,12.420761,14.139348,67.382717,3.019565,148.464783,120.365761,99.26413,2.070435,186.237065,401.540978,2.2482981,3.4513947,2.5403263,2.3084976,2.8201497,2.6649907,9.5266969,4.7356624,5.3089173,25.5328746,0.318082,0.6615349,65.3099636,22.1848441,-0.50423211,-1.37142743,-0.98008304,-0.47498737,0.08311246,-0.85966305,-0.60873265,2.48843223,-0.44289237,-0.82646341,-0.04258885,0.46666339,-0.61038211,-1.66141552,2.40549,4.838528,3.352083,2.385911,2.547336,3.331897,3.629823,10.180238,4.080094,3.094445,2.227904,2.632902,2.663343,5.727728,4.518175,4.503293,4.515332,4.518126,4.495873,4.502822,4.511481,3.620152,4.521152,4.497545,4.521783,4.471818,4.451232,4.520228,Commercial
Farm 14,Mid,2020,6,0.69801,0.37867043,South Carolina,0.017665,0.024969,0.269527,0.626158,0,0,0,0.061681,1.147790522,24.923043,20.343043,22.631522,25.031739,9.743913,15.358478,77.913913,2.674348,150.446957,122.976522,98.577174,2.100217,190.547174,404.975652,3.0932585,2.269689,2.5695127,3.1685519,2.1252153,2.0023996,7.0946401,2.8060266,3.5506625,25.260526,0.3177677,0.8326197,83.3353149,16.6483858,-1.20501452,-1.4713889,-1.58396358,-1.07060109,-0.64859883,-1.24979483,0.01156992,1.11146598,-0.1862214,-1.08288274,0.26699927,1.12446813,-0.6372997,-1.23000399,4.667486,4.562494,5.276001,4.441459,3.084471,3.826876,1.847258,3.114439,2.289036,3.632661,2.234579,3.930641,2.18886,4.342252,3.820625,3.822154,3.821875,3.820341,3.803527,3.819772,3.824577,3.312473,3.828369,3.805726,3.828636,3.757725,3.715384,3.8278,Commercial
Farm 15,Mid,2020,7,0.82453,0.39886639,South Carolina,0.033801,0.291307,0.410928,0.085138,0,0,0,0.178826,1.199426653,24.923043,20.343043,22.631522,25.031739,9.743913,15.358478,77.913913,2.674348,150.446957,122.976522,98.577174,2.100217,190.547174,404.975652,3.0932585,2.269689,2.5695127,3.1685519,2.1252153,2.0023996,7.0946401,2.8060266,3.5506625,25.260526,0.3177677,0.8326197,83.3353149,16.6483858,-1.20501452,-1.4713889,-1.58396358,-1.07060109,-0.64859883,-1.24979483,0.01156992,1.11146598,-0.1862214,-1.08288274,0.26699927,1.12446813,-0.6372997,-1.23000399,4.667486,4.562494,5.276001,4.441459,3.084471,3.826876,1.847258,3.114439,2.289036,3.632661,2.234579,3.930641,2.18886,4.342252,3.820625,3.822154,3.821875,3.820341,3.803527,3.819772,3.824577,3.312473,3.828369,3.805726,3.828636,3.757725,3.715384,3.8278,Commercial
Farm 16,Mid,2020,6,0.79036,0.4801437,South Carolina,0.028101,0.016732,0.775458,0.104585,0,0,0,0.075124,1.066247709,24.923043,20.343043,22.631522,25.031739,9.743913,15.358478,77.913913,2.674348,150.446957,122.976522,98.577174,2.100217,190.547174,404.975652,3.0932585,2.269689,2.5695127,3.1685519,2.1252153,2.0023996,7.0946401,2.8060266,3.5506625,25.260526,0.3177677,0.8326197,83.3353149,16.6483858,-1.20501452,-1.4713889,-1.58396358,-1.07060109,-0.64859883,-1.24979483,0.01156992,1.11146598,-0.1862214,-1.08288274,0.26699927,1.12446813,-0.6372997,-1.23000399,4.667486,4.562494,5.276001,4.441459,3.084471,3.826876,1.847258,3.114439,2.289036,3.632661,2.234579,3.930641,2.18886,4.342252,3.820625,3.822154,3.821875,3.820341,3.803527,3.819772,3.824577,3.312473,3.828369,3.805726,3.828636,3.757725,3.715384,3.8278,Commercial
Farm 17,Mid,2020,8,0.77384,0.4130371,Georgia,0,0.003271,0.918267,0.078462,0,0,0,0,0.766665914,23.878913,17.98087,20.930652,24.213043,11.301739,13.236522,72.558043,3.307609,152.610217,123.449783,100.861087,2.756304,157.995652,389.881087,2.827166,4.3139535,3.4780502,2.9056029,3.1880076,3.1646325,9.0203443,5.9272985,3.3228906,29.847074,0.3006898,0.8249427,75.6798292,33.1406865,-1.08653284,-1.06903038,-1.19457301,-1.11066774,0.0833589,-0.60594,0.07620587,2.29365856,-0.29498591,-1.06963331,-0.1180206,0.1787216,0.10831853,-1.12394159,3.492946,3.432745,3.680128,3.643466,2.23492,2.643101,2.24714,7.360963,3.257649,3.250396,2.608157,2.099568,1.900022,3.511918,3.821429,3.796742,3.813959,3.821216,3.788832,3.798454,3.821062,2.720832,3.828409,3.796315,3.828637,3.784236,3.709152,3.824979,Small
Farm 17,Mid,2021,4,0.42432,0.222768,Georgia,0,0.001825,0.982993,0.015183,0,0,0,0,0.373136832,24.373478,17.26587,20.817391,24.706087,12.508261,12.566739,68.47587,2.328261,151.818478,127.002826,101.016304,2.671739,177.225435,386.578696,3.3484074,3.7074829,3.201316,3.5348434,3.1698989,2.8703821,11.4235753,3.9031619,3.7444833,24.3340536,0.3875184,0.8287509,71.7824216,27.5157091,-0.84125219,-0.35505402,-0.9062997,-0.7753508,-0.93293782,0.03748515,0.73890157,1.56933439,-0.65544685,-1.11416492,-0.0897427,0.0140127,-0.26949549,-1.08685637,2.934355,2.511322,2.95043,2.741034,3.433256,2.227172,2.388187,4.157082,3.134483,3.512512,2.326161,2.156906,1.581026,3.422146,3.818959,3.805013,3.816385,3.818154,3.793005,3.802679,3.81545,2.657465,3.828342,3.808905,3.828634,3.779946,3.74094,3.826092,Small
Farm 17,End,2021,4,0.37618,0.27743275,Georgia,0,0.003707,0.910785,0.085508,0,0,0,0,0.791513138,25.021974,19.295789,22.156974,25.265789,10.875658,14.28,73.947105,4.334605,151.429737,117.191579,101.008816,2.578158,175.020658,397.834868,2.7952069,3.8737487,3.0211014,2.9123069,3.480828,3.1387361,11.8062056,5.5283532,4.2003076,27.3362833,0.3534062,0.9271069,66.0976711,25.9047131,-1.39575115,-0.88978728,-1.43708192,-1.28245318,-0.20268791,-0.60387328,-0.08434482,1.48495853,-0.96788894,-0.63627646,-0.12384178,0.67268599,-0.17331494,-1.54453766,4.750716,2.844884,4.327351,4.430825,2.210176,2.159438,1.735371,4.999534,4.8196,2.518285,2.446792,3.396195,1.637556,4.90389,4.324184,4.309164,4.320811,4.32378,4.276724,4.305323,4.318005,3.566176,4.33035,4.301759,4.330727,4.268399,4.255411,4.328564,Small
Farm 17-W,Winter,2020,4,0.72563,0.33016165,Georgia,0,0.002064,0.963274,0.034661,0,0,0,0,0.550244385,25.323404,21.485745,23.405106,25.42766,8.534468,16.231915,81.308511,7.201702,126.705106,86.665532,100.698511,2.850638,153.838298,409.345745,3.1725866,3.0235875,2.8841786,3.3514177,2.8937946,2.675511,9.2583558,16.9028204,8.9187099,33.2388046,0.2855047,1.1441503,79.1743826,20.3232652,-1.0927802,-1.5079254,-1.7240908,-1.0662035,0.1176953,-1.1615818,-0.6941345,5.2468873,-0.3899532,-0.6436425,0.1425228,1.065898,0.3219126,-2.9283139,3.605533,4.866625,5.065935,3.65886,2.153124,3.805242,2.694437,32.733744,2.122262,2.27429,3.864629,3.850804,1.867227,13.697089,3.842036,3.839578,3.842079,3.841147,3.792081,3.835719,3.843597,2.6789,3.847697,3.765396,3.850144,3.776888,3.717649,3.848876,Small
Farm 18,Mid,2020,6,0.71257,0.35361286,Georgia,0,0.013105,0.346951,0.614111,0,0,0,0.025833,1.138056649,23.878913,17.98087,20.930652,24.213043,11.301739,13.236522,72.558043,3.307609,152.610217,123.449783,100.861087,2.756304,157.995652,389.881087,2.827166,4.3139535,3.4780502,2.9056029,3.1880076,3.1646325,9.0203443,5.9272985,3.3228906,29.847074,0.3006898,0.8249427,75.6798292,33.1406865,-1.08653284,-1.06903038,-1.19457301,-1.11066774,0.0833589,-0.60594,0.07620587,2.29365856,-0.29498591,-1.06963331,-0.1180206,0.1787216,0.10831853,-1.12394159,3.492946,3.432745,3.680128,3.643466,2.23492,2.643101,2.24714,7.360963,3.257649,3.250396,2.608157,2.099568,1.900022,3.511918,3.821429,3.796742,3.813959,3.821216,3.788832,3.798454,3.821062,2.720832,3.828409,3.796315,3.828637,3.784236,3.709152,3.824979,Small
Farm 18,Mid,2021,4,0.42822,0.3104595,Georgia,0,0,1,0,0,0,0,0,0,24.373478,17.26587,20.817391,24.706087,12.508261,12.566739,68.47587,2.328261,151.818478,127.002826,101.016304,2.671739,177.225435,386.578696,3.3484074,3.7074829,3.201316,3.5348434,3.1698989,2.8703821,11.4235753,3.9031619,3.7444833,24.3340536,0.3875184,0.8287509,71.7824216,27.5157091,-0.84125219,-0.35505402,-0.9062997,-0.7753508,-0.93293782,0.03748515,0.73890157,1.56933439,-0.65544685,-1.11416492,-0.0897427,0.0140127,-0.26949549,-1.08685637,2.934355,2.511322,2.95043,2.741034,3.433256,2.227172,2.388187,4.157082,3.134483,3.512512,2.326161,2.156906,1.581026,3.422146,3.818959,3.805013,3.816385,3.818154,3.793005,3.802679,3.81545,2.657465,3.828342,3.808905,3.828634,3.779946,3.74094,3.826092,Small
Farm 18,End,2021,4,0.4134,0.2945475,Georgia,0,0,1,0,0,0,0,0,0,25.021974,19.295789,22.156974,25.265789,10.875658,14.28,73.947105,4.334605,151.429737,117.191579,101.008816,2.578158,175.020658,397.834868,2.7952069,3.8737487,3.0211014,2.9123069,3.480828,3.1387361,11.8062056,5.5283532,4.2003076,27.3362833,0.3534062,0.9271069,66.0976711,25.9047131,-1.39575115,-0.88978728,-1.43708192,-1.28245318,-0.20268791,-0.60387328,-0.08434482,1.48495853,-0.96788894,-0.63627646,-0.12384178,0.67268599,-0.17331494,-1.54453766,4.750716,2.844884,4.327351,4.430825,2.210176,2.159438,1.735371,4.999534,4.8196,2.518285,2.446792,3.396195,1.637556,4.90389,4.324184,4.309164,4.320811,4.32378,4.276724,4.305323,4.318005,3.566176,4.33035,4.301759,4.330727,4.268399,4.255411,4.328564,Small
Farm 18,End,2022,6,0.59314,0.26246445,Georgia,0,0,1,0,0,0,0,0,0,27.158594,19.161094,23.16,27.732813,12.231875,14.128125,66.131719,3.01375,151.739219,130.105312,100.730156,2.216094,173.740937,400.171406,2.8730863,3.3190141,2.6539046,3.0295851,3.0169715,2.5985612,11.1453227,4.282482,4.5422295,26.2772218,0.3174026,0.7507512,74.8924081,22.0367214,-0.4575438,-1.2702131,-1.443331,-0.3708961,-0.4303148,-0.8103578,0.2296565,2.0937251,-0.7120036,-1.9703884,-0.2571824,0.6660057,-0.1953293,-1.3638279,2.70907,4.614479,5.111193,2.514762,2.843444,3.27163,3.084296,7.619712,2.752494,7.611578,2.420608,3.268857,1.832024,4.625714,4.153257,4.142559,4.151979,4.1529,4.126812,4.141014,4.144886,3.358292,4.158439,4.134066,4.158878,4.103758,4.058026,4.15735,Small
Farm 18-W,Winter,2020,5,0.35815,0.19026719,Georgia,0,0,1,0,0,0,0,0,0,25.323404,21.485745,23.405106,25.42766,8.534468,16.231915,81.308511,7.201702,126.705106,86.665532,100.698511,2.850638,153.838298,409.345745,3.1725866,3.0235875,2.8841786,3.3514177,2.8937946,2.675511,9.2583558,16.9028204,8.9187099,33.2388046,0.2855047,1.1441503,79.1743826,20.3232652,-1.0927802,-1.5079254,-1.7240908,-1.0662035,0.1176953,-1.1615818,-0.6941345,5.2468873,-0.3899532,-0.6436425,0.1425228,1.065898,0.3219126,-2.9283139,3.605533,4.866625,5.065935,3.65886,2.153124,3.805242,2.694437,32.733744,2.122262,2.27429,3.864629,3.850804,1.867227,13.697089,3.842036,3.839578,3.842079,3.841147,3.792081,3.835719,3.843597,2.6789,3.847697,3.765396,3.850144,3.776888,3.717649,3.848876,Small
Farm 19,Mid,2022,6,0.80275,0.33213781,Georgia,0,0.006021,0.882367,0.111612,0,0,0,0,0.86997146,25.843043,18.735435,22.28913,26.624348,11.800652,13.757174,68.905435,2.641957,148.953696,126.615217,100.600652,2.586522,177.743913,390.128913,2.5662665,3.34726,2.6865598,2.7669917,2.8422983,2.5600023,9.4272109,3.6040123,4.8534649,23.5723049,0.3235044,0.9711853,76.0711216,24.4667294,-0.45563366,-1.30813081,-1.2167452,-0.25655625,-0.4072651,-0.82288035,0.12988971,1.81653596,-0.04123139,-0.94552361,-0.16885757,0.60789861,-0.49905018,-1.2364898,2.609316,4.588419,4.349074,2.19738,2.854255,3.374002,2.592768,5.620474,2.069114,3.151446,2.574767,3.114455,2.091414,4.303819,3.823724,3.811297,3.821104,3.82329,3.798397,3.81043,3.819467,3.07133,3.828122,3.810304,3.828636,3.760702,3.723801,3.826663,Commercial
Farm 19,End,2022,7,0.7066,0.25172625,Georgia,0,0.019458,0.866718,0.113824,0,0,0,0,0.927990863,27.056471,19.311618,23.184265,27.932941,11.983971,14.241029,66.983824,2.870147,150.109559,128.811618,100.662059,2.514412,173.158529,397.975294,2.8709511,3.1732086,2.6310178,3.0981299,2.8757307,2.5026578,10.0468768,3.635,4.6200538,22.6311379,0.3185113,0.9284755,75.6753908,23.8604632,-0.50752635,-1.32528364,-1.38725694,-0.42054675,-0.21215853,-0.83291709,-0.05818481,1.5784032,-0.41741385,-0.97632096,-0.37010728,0.5925321,-0.28846112,-1.38615349,2.719796,4.964694,5.092746,2.34011,2.731484,3.466796,2.637002,4.809552,2.243465,3.185695,2.59289,3.230487,1.906291,5.094472,4.213831,4.20483,4.212748,4.213323,4.189798,4.203204,4.208279,3.516879,4.219039,4.203113,4.219503,4.153081,4.113462,4.217682,Commercial
Farm 20,Winter,2022,4,0.4393,0.246008,Georgia,0,0,1,0,0,0,0,0,0,25.176981,19.021887,22.099623,25.283585,10.63717,14.399434,72.383396,2.624151,122.860943,100.25566,100.702453,2.225472,151.375094,386.000377,2.5804022,5.5391554,3.9182998,2.6575105,3.3811999,4.1008177,13.7709883,3.5653333,8.4647614,19.5650839,0.2316488,1.1319598,86.2505889,36.1269666,-0.6727228,-1.1890941,-1.1066385,-0.6544483,0.1172236,-0.868375,-0.7850374,1.724422,0.3153083,-0.9999365,-0.536379,2.0455207,0.2588418,-0.7530424,2.41937,3.17555,2.865823,2.381184,2.353058,2.391383,3.105128,6.037892,1.969011,3.832819,3.107636,8.613202,1.777535,2.080743,3.964998,3.920843,3.953582,3.964724,3.919217,3.925407,3.951241,3.132106,3.967977,3.949783,3.970289,3.863397,3.802027,3.965881,Small
Farm 21,Mid,2020,5,0.72482,0.37600038,Georgia,0,0,1,0,0,0,0,0,0,25.05087,19.789565,22.421087,25.512609,10.438261,14.55087,75.242826,4.241739,150.896522,120.236739,100.783478,2.88413,158.938478,401.441522,1.9226808,2.6952056,2.1397697,1.9212582,2.910458,2.2073139,7.5522405,9.0612227,6.5328392,24.6014388,0.2813635,0.9771172,69.9930546,21.0690834,-1.1139947,-1.6162907,-1.8469415,-0.8968176,0.3881777,-0.7966323,0.1078988,3.7637822,-2.8160817,-0.727318,-0.1245843,0.4001829,-0.1380905,-1.8176691,5.152813,7.719053,8.201105,4.541847,2.808899,4.58794,2.496269,18.60742,12.829785,2.619219,3.273948,2.437454,1.851976,7.269822,3.825662,3.818596,3.823857,3.825792,3.790694,3.816679,3.823711,2.640635,3.827684,3.806692,3.828638,3.772581,3.724388,3.827247,Commercial
Farm 21,End,2020,5,0.65289,0.38357288,Georgia,0,0.055272,0.91609,0.028638,0,0,0,0,0.822526831,26.165395,20.846447,23.506184,26.640263,10.354474,15.526711,75.173289,4.441842,150.255132,123.436316,100.743816,2.789211,174.597763,407.561184,2.1444007,2.5515625,2.1705428,2.2067949,2.6429031,2.197679,7.2356242,8.0004784,5.5550233,23.155468,0.2816142,0.8661713,73.0918297,18.6278102,-0.900700943,-1.819280403,-1.771060147,-0.628875797,0.239177274,-1.070327032,0.171527539,3.531945879,-2.570567183,-0.863140552,-0.061360053,0.492139224,0.004602144,-2.234368173,4.370442,8.536597,7.89771,3.789395,2.942058,4.722008,2.448832,18.634038,13.636676,2.944245,2.602262,2.945647,2.005854,9.780287,4.32732,4.322561,4.326237,4.327273,4.298254,4.320139,4.32617,3.35773,4.330035,4.312054,4.330729,4.28352,4.237947,4.329664,Commercial
Farm 21-W,Winter,2020,5,0.72037,0.35748361,Georgia,0,0.001995,0.894319,0.103686,0,0,0,0,0.82847413,25.27,21.703617,23.486383,25.400851,8.290426,16.452553,82.276383,6.075745,124.871277,91.931489,100.628511,3.238723,154.802553,405.098723,3.064817,3.009885,2.901573,3.232657,2.549914,2.663284,7.608659,11.971252,9.125201,29.922779,0.278669,1.244226,80.130839,23.351078,-1.2114131,-1.6674782,-1.7192344,-1.1569091,0.1282708,-1.3462614,-0.6320154,5.2907982,-0.3852024,-0.5951015,0.1624085,0.9759898,0.2511571,-2.332615,3.776934,5.278258,5.070021,3.717274,2.36889,4.275807,2.84635,33.410678,2.093444,2.422887,3.918185,3.213762,1.807674,8.711478,3.842523,3.839813,3.842037,3.841743,3.80262,3.836093,3.845864,2.953686,3.847505,3.791253,3.850144,3.782686,3.714245,3.848441,Commercial
Farm 22,Mid,2020,7,0.7485,0.38454188,Georgia,0,0.014715,0.484523,0.500762,0,0,0,0,1.115433326,25.05087,19.789565,22.421087,25.512609,10.438261,14.55087,75.242826,4.241739,150.896522,120.236739,100.783478,2.88413,158.938478,401.441522,1.9226808,2.6952056,2.1397697,1.9212582,2.910458,2.2073139,7.5522405,9.0612227,6.5328392,24.6014388,0.2813635,0.9771172,69.9930546,21.0690834,-1.1139947,-1.6162907,-1.8469415,-0.8968176,0.3881777,-0.7966323,0.1078988,3.7637822,-2.8160817,-0.727318,-0.1245843,0.4001829,-0.1380905,-1.8176691,5.152813,7.719053,8.201105,4.541847,2.808899,4.58794,2.496269,18.60742,12.829785,2.619219,3.273948,2.437454,1.851976,7.269822,3.825662,3.818596,3.823857,3.825792,3.790694,3.816679,3.823711,2.640635,3.827684,3.806692,3.828638,3.772581,3.724388,3.827247,Commercial
Farm 22,End,2020,4,0.34894,0.22244925,Georgia,0.116241,0.014541,0.366187,0.503031,0,0,0,0,1.039190219,26.165395,20.846447,23.506184,26.640263,10.354474,15.526711,75.173289,4.441842,150.255132,123.436316,100.743816,2.789211,174.597763,407.561184,2.1444007,2.5515625,2.1705428,2.2067949,2.6429031,2.197679,7.2356242,8.0004784,5.5550233,23.155468,0.2816142,0.8661713,73.0918297,18.6278102,-0.900700943,-1.819280403,-1.771060147,-0.628875797,0.239177274,-1.070327032,0.171527539,3.531945879,-2.570567183,-0.863140552,-0.061360053,0.492139224,0.004602144,-2.234368173,4.370442,8.536597,7.89771,3.789395,2.942058,4.722008,2.448832,18.634038,13.636676,2.944245,2.602262,2.945647,2.005854,9.780287,4.32732,4.322561,4.326237,4.327273,4.298254,4.320139,4.32617,3.35773,4.330035,4.312054,4.330729,4.28352,4.237947,4.329664,Commercial
Farm 22-W,Winter,2020,1,0.01439,0.0083462,Georgia,0,0,1,0,0,0,0,0,0,25.27,21.703617,23.486383,25.400851,8.290426,16.452553,82.276383,6.075745,124.871277,91.931489,100.628511,3.238723,154.802553,405.098723,3.064817,3.009885,2.901573,3.232657,2.549914,2.663284,7.608659,11.971252,9.125201,29.922779,0.278669,1.244226,80.130839,23.351078,-1.2114131,-1.6674782,-1.7192344,-1.1569091,0.1282708,-1.3462614,-0.6320154,5.2907982,-0.3852024,-0.5951015,0.1624085,0.9759898,0.2511571,-2.332615,3.776934,5.278258,5.070021,3.717274,2.36889,4.275807,2.84635,33.410678,2.093444,2.422887,3.918185,3.213762,1.807674,8.711478,3.842523,3.839813,3.842037,3.841743,3.80262,3.836093,3.845864,2.953686,3.847505,3.791253,3.850144,3.782686,3.714245,3.848441,Commercial